,AdaBoostRegressor_m
0,58.17296759272648
1,11.01059321056554
2,7.446581508056064
3,8.505266810124258
4,5.1455071516433915
5,11.282889112843053
6,-7.29860285100001
7,-6.555403543681936
8,28.385237481879166
9,34.603169931710916
10,11.229427000893997
11,28.094052421966673
12,26.606506239625176
13,7.446581508056064
14,45.07678309213125
15,3.678318851197032
16,12.680305678670562
17,12.358086571741334
18,26.623012381762717
19,14.484305049575633
20,26.58274339078276
21,-10.490910186191748
22,27.448841676268373
23,45.02178229963181
24,42.726441733107144
25,-6.027917289995266
26,31.21031165156896
27,12.168054476347114
28,1.8151196714883442
29,4.1057736410207255
30,44.2042911625755
31,12.168054476347114
32,31.116691851089485
33,-2.3108739007465497
34,27.639039489593834
35,-10.713381204523234
36,12.542541772992054
37,5.1455071516433915
38,25.455473557212443
39,20.03369212936811
40,41.59944633433372
41,9.37333190843592
42,37.101645252328574
43,-2.8049808829314213
44,11.14740860225838
45,-9.445054053167585
46,30.362231672452914
47,33.18283745455751
48,5.004687765216979
49,9.37333190843592
50,11.539191872139183
51,38.36736148212222
52,12.94405560750016
53,28.064614551929726
54,1.8151196714883442
55,12.680305678670562
56,25.455473557212443
57,54.660599356087495
58,12.94405560750016
59,-2.3108739007465497
60,20.13350255611586
61,29.01054865294264
62,25.179638727484488
63,1.8151196714883442
64,12.680305678670562
65,12.94405560750016
66,51.94359758161667
67,12.971523936681763
68,12.358086571741334
69,12.358086571741334
70,44.84734460786923
71,-5.46709379263038
72,-0.32864430150306306
73,8.3997672002559
74,-9.011341160713693
75,36.84441230706196
76,-9.672655861302832
77,42.79786169211955
78,44.2042911625755
79,12.243683674610207
80,36.56617048729865
81,36.56617048729865
82,12.680305678670562
83,39.221145032551725
84,52.472794431462496
85,25.455473557212443
86,10.49351794181881
87,10.403237119195895
88,-6.555403543681936
89,31.787527337612502
90,15.749074098724813
91,12.168054476347114
92,12.971523936681763
93,1.8151196714883442
94,2.9768854944412406
95,28.094052421966673
96,12.971523936681763
97,27.714274810745952
98,12.358086571741334
99,14.86715322836073
100,-4.125413132344031
101,-10.211247085733413
102,-9.672655861302832
103,26.58274339078276
104,39.86762520987287
105,47.82275251067998
106,12.358086571741334
107,9.37333190843592
108,12.299110081992977
109,28.064614551929726
110,41.59944633433372
111,8.759220514721392
112,-12.643443827358055
113,64.94130541348939
114,36.234877830693705
115,28.064614551929726
116,29.114324264841997
117,7.480824779514646
118,-0.3053307988273766
119,12.299110081992977
120,-11.59772568321127
121,11.539191872139183
122,12.680305678670562
123,-11.034284834807423
124,12.680305678670562
125,31.787527337612502
126,-1.86463034674113
127,12.358086571741334
128,13.83792418589853
129,28.215324363451575
130,29.472152934922597
131,9.806735787080767
132,26.573981868578723
133,39.10159310863927
134,-7.060250984572049
135,-12.643443827358055
136,12.971523936681763
137,-11.052115344462544
138,29.080134240632006
139,26.573981868578723
140,36.94646267521874
141,12.94405560750016
142,4.139765352604458
143,6.183219447142328
144,10.220769686315528
145,-11.59772568321127
146,4.6417982074364454
147,10.220769686315528
148,-9.011341160713693
149,9.37333190843592
150,1.8151196714883442
151,12.266529188249343
152,12.358086571741334
153,32.930801380182025
154,14.330046281215125
155,41.89107695992574
156,16.069092345160172
157,3.9753928072222635
158,33.926825254166666
159,12.713000688647687
160,12.168054476347114
161,38.36736148212222
162,-12.643443827358055
163,-0.32864430150306306
164,31.787527337612502
165,-0.3053307988273766
166,11.01059321056554
167,39.86762520987287
168,25.179638727484488
169,12.168054476347114
170,13.83792418589853
171,54.927668904285724
172,37.54948844341324
173,12.243683674610207
174,11.14740860225838
175,-0.3053307988273766
176,-12.643443827358055
177,12.358086571741334
178,27.714274810745952
179,12.680305678670562
180,12.680305678670562
181,12.266529188249343
182,12.168054476347114
183,3.295774810727945
184,33.0207305977
185,4.6417982074364454
186,65.36729834220436
187,5.958951754544187
188,5.004687765216979
189,2.9768854944412406
190,2.9768854944412406
191,12.168054476347114
192,10.874649519723233
193,1.870653461713329
194,33.69254632824334
195,-13.688590382420228
196,37.255706026108
197,46.76226922945385
198,29.456823126644984
199,47.82275251067998
200,12.680305678670562
201,12.713000688647687
202,25.455473557212443
203,8.154925782786572
204,36.949345649493154
205,11.94252811403267
206,12.713000688647687
207,-6.027917289995266
208,26.58274339078276
209,12.713000688647687
210,26.573981868578723
211,-10.211247085733413
212,12.266529188249343
213,-9.95862118363379
214,17.636600850892304
215,1.8151196714883442
216,12.680305678670562
217,14.484305049575633
218,12.299110081992977
219,2.9768854944412406
220,12.358086571741334
221,27.639039489593834
222,10.49351794181881
223,39.10159310863927
224,-11.052115344462544
225,25.131774856878632
226,43.98825999903261
227,10.49351794181881
228,8.154925782786572
229,12.680305678670562
230,9.37333190843592
231,11.539191872139183
232,28.87309449693889
233,8.3997672002559
234,39.10159310863927
235,3.8340304881974188
236,28.385237481879166
237,12.680305678670562
238,28.698239324517854
239,12.168054476347114
240,4.6417982074364454
241,11.539191872139183
242,26.902747506682914
243,65.3243895005
244,39.86762520987287
245,32.900603230468185
246,12.680305678670562
247,8.3997672002559
248,12.971523936681763
249,12.266529188249343
250,-4.125292096481626
251,-0.3053307988273766
252,12.680305678670562
253,-7.29860285100001
254,46.6098914451657
255,-0.32864430150306306
256,29.418210710840576
257,32.648325324174216
258,26.902747506682914
259,12.680305678670562
260,12.680305678670562
261,12.713000688647687
262,12.680305678670562
263,13.268561195436666
264,26.902747506682914
265,12.243683674610207
266,10.874649519723233
267,1.870653461713329
268,12.94405560750016
269,1.8151196714883442
270,-9.644961603461955
271,12.680305678670562
272,-2.3108739007465497
273,12.94405560750016
274,13.83792418589853
275,6.183219447142328
276,28.87309449693889
277,12.358086571741334
278,-0.32864430150306306
279,5.1455071516433915
280,12.94405560750016
281,11.01059321056554
282,27.17512198836
283,-1.86463034674113
284,28.698239324517854
285,49.08743772233591
286,1.8151196714883442
287,36.84441230706196
288,22.432148595171185
289,33.18283745455751
290,12.243683674610207
291,-1.5078749518377441
292,12.358086571741334
293,34.384790483559996
294,51.94359758161667
295,16.35937528954903
296,12.358086571741334
297,37.101645252328574
298,59.75153027569458
299,9.806735787080767
