,RandomForestRegressor_m
0,61.491515321698984
1,7.367964780022677
2,2.3247337155668477
3,7.567253935967562
4,-2.2752595445616985
5,7.640562931251685
6,-12.093976541048796
7,-9.804692818297147
8,24.958980412687982
9,42.107891704158
10,12.5689973851818
11,30.737873930324096
12,25.65868073205232
13,9.250523050323881
14,46.29006047963702
15,-0.2922863586047202
16,12.250033108171605
17,8.908195889923537
18,21.826996731542135
19,17.844943063183422
20,24.88284366232999
21,-16.958734089103544
22,22.236669533910995
23,48.60249787223802
24,43.387679078874655
25,-11.937677319438146
26,29.837691712303993
27,16.85079921595268
28,-2.7718755047548336
29,8.82511260221276
30,41.27499001094901
31,11.230931618288766
32,31.933054897100007
33,-3.8740484759210414
34,30.01906278241653
35,-19.9918204148054
36,10.982583532228478
37,-1.9590512937301992
38,22.4182306749296
39,17.48517704167266
40,42.59699119961266
41,13.416504029853902
42,36.94753370738252
43,-7.723903872806054
44,11.043759958757498
45,-13.670939769911698
46,31.088810657466
47,34.92994806258713
48,-1.034336370286
49,10.18906513509542
50,15.01192249626429
51,39.32034431321117
52,16.762921378217328
53,26.471818365454492
54,-4.260380031212586
55,11.389941684899815
56,24.63678037051
57,57.30121873885698
58,11.972544653656309
59,-3.9104651828587196
60,18.723533233101417
61,28.806895552005752
62,22.593533840259983
63,-0.946586740427503
64,15.596635416956662
65,15.451610206424155
66,53.02055060922998
67,16.584720585877534
68,14.284504658764382
69,12.987644737264109
70,47.08855656457
71,-9.455905620168352
72,1.79530685274958
73,4.787002412357898
74,-10.471224567206596
75,37.33153524398245
76,-15.689389469220451
77,43.9809412627245
78,46.596661131459996
79,15.538824163565508
80,41.42855201437497
81,38.48934475098178
82,16.257412136152524
83,43.919573524390316
84,55.408894167459984
85,19.515194781195945
86,7.9594338375026314
87,4.686648656280347
88,-9.467294616293993
89,34.350897740641976
90,13.669213752175526
91,15.018266376426745
92,17.34412493170626
93,3.417167141138139
94,-3.8969208820549683
95,27.358981492436804
96,15.446857584132363
97,32.78636518884939
98,13.91017852492345
99,20.760728566908327
100,-12.191979362421362
101,-14.504339076884458
102,-14.080295089890912
103,26.564546555159996
104,40.730061824740496
105,48.371294254364
106,11.14015311340327
107,8.826882560800817
108,9.590151262006678
109,33.07521720023035
110,41.86758946334548
111,7.5862572737150735
112,-19.72222258007522
113,71.751699468361
114,41.1023862538
115,28.611143569611
116,32.37332451997312
117,6.1521885318873855
118,-8.386732477164283
119,15.269561102966765
120,-17.28317495401196
121,14.67057046192699
122,14.203821698976508
123,-17.237862190489103
124,10.354999643757694
125,35.657682209066984
126,-9.383938930234464
127,14.210774765819064
128,18.892264472880182
129,32.25359639278721
130,27.652224521662994
131,7.999040700081042
132,25.373407462046366
133,41.426975957401176
134,-12.185642358176196
135,-21.46222573773441
136,17.27025938074257
137,-18.605110848476194
138,26.429540864697564
139,24.564221579128333
140,37.496297014201716
141,12.81519431908493
142,7.412641967326665
143,6.925049493227142
144,5.611659935001378
145,-17.313475690093675
146,7.328351524170063
147,10.474519707643289
148,-14.460339358500635
149,5.546491451229575
150,-3.184301402085201
151,17.406031650687595
152,14.04464207460315
153,37.81348122935
154,19.10566597686688
155,44.10774309818502
156,21.78521211610241
157,0.6859554274655004
158,31.594379787186003
159,10.102444519726559
160,8.98900022292023
161,40.784399658619584
162,-18.546320766947204
163,2.628749809500959
164,34.45545678980837
165,4.407005573886227
166,7.387914526942492
167,42.705002880893005
168,19.52454950652644
169,14.017266397653245
170,18.602751131978003
171,58.21648845959499
172,38.566408758721764
173,9.568436220154204
174,10.089996876332936
175,-0.02665380524621517
176,-18.22411702915456
177,11.177752332723223
178,25.152009055229577
179,14.088553979029236
180,9.715524662221698
181,7.508649577549055
182,9.945447640042461
183,-4.419928328930495
184,33.00869127407997
185,6.913052372409223
186,66.691176190167
187,2.94449395081719
188,11.173062047510305
189,1.7274507114964193
190,4.731902275066606
191,14.844850801721778
192,10.452763890682382
193,-2.126617015791792
194,34.61950432165898
195,-22.937757978707996
196,38.961652583983685
197,47.29625214412903
198,33.783382274679404
199,48.804077657535
200,13.636062434102032
201,13.432475742080431
202,22.328314948705103
203,5.223029592327865
204,36.985319737607995
205,13.392849656815276
206,14.606724425408379
207,-13.148635358087642
208,22.42858953620898
209,16.232063181561493
210,24.263167468214743
211,-14.484721197107572
212,12.688558142496802
213,-16.6683498640962
214,14.346659627408503
215,1.322491201869299
216,14.939261005602278
217,19.522723747836793
218,12.310072875777509
219,1.9833358488189257
220,15.50521747532493
221,29.25429193517824
222,7.14352512588519
223,40.88078345599934
224,-16.39859675579452
225,23.718516020205595
226,46.4720744422905
227,7.369997557958542
228,12.942960718358075
229,13.389587186526485
230,8.942460155605774
231,13.443096541290696
232,34.247041681087524
233,7.089329328672309
234,43.437897738787676
235,1.692416514068371
236,31.581021862165006
237,17.02997154197847
238,31.045979224946812
239,15.19982898925324
240,3.3352566628065303
241,8.033610694717957
242,24.01637770973598
243,70.87086575136499
244,39.363518217292196
245,33.722166048318975
246,14.42932437955503
247,5.963258152738382
248,16.575385747055545
249,9.402540079940698
250,-5.539104540450277
251,-4.070355721569294
252,15.880159575657085
253,-11.120925970594687
254,48.69448187608201
255,-5.999240731702693
256,37.04709753809565
257,33.35082040963798
258,23.482827246062985
259,13.608396607768004
260,14.3726758548058
261,14.057737344197674
262,17.616430532165115
263,10.065045000670043
264,29.014852995156613
265,12.676798139710865
266,9.724931114331493
267,-7.185994949516162
268,16.567673217926462
269,-2.445651650907485
270,-15.091034779381696
271,10.238586085063963
272,-3.3721095615469
273,15.542279472324779
274,18.753711593155806
275,4.320464181054286
276,31.892354495016853
277,16.076887985550353
278,-4.3972267061104215
279,2.018700217331421
280,13.94303277871122
281,10.374506255620798
282,21.081857466226
283,-9.188292125892476
284,28.18981147280899
285,47.994671534225
286,-1.2532138590262065
287,36.478275590609364
288,21.63992167022499
289,34.854885483375206
290,7.578300609704435
291,-8.112284173411904
292,14.113627126767213
293,35.94229742623251
294,52.63832109108198
295,22.498976943533407
296,14.357789994077796
297,36.037619029926006
298,62.501137838123014
299,9.862031750826812
